Num_Acc;jour;mois;an;hrmn;lum;dep;com;agg;int;atm;col;adr;lat;long
202000000001;7;3;2020;16:55;1;91;91657;2;3;1;3;HENRI BARBUSSE (AVENUE);48,7053500;2,4384100
202000000002;7;3;2020;08:35;2;91;91657;2;9;7;6;MOUSSEAUX(CHEMIN);48,6900000;2,4100000
202000000003;7;3;2020;13:30;1;91;91174;2;2;1;3;CARNOT(AVENUE);48,6106700;2,4758200
202000000004;7;3;2020;18:50;5;91;91215;2;1;1;6;VICTOR HUGO (AVENUE);48,6978200;2,5244600
202000000005;7;3;2020;11:00;1;77;77181;1;6;1;2;LAGNY  (RUE DE  ) - D35;48,8286457;2,7059707
202000000006;5;3;2020;07:00;2;76;76114;1;2;2;3;D6015;49,5763988;0,5101875
202000000007;6;3;2020;20:29;5;68;68297;2;1;1;2;Avenue du General de Gaulle;47,5824950;7,5563270
202000000008;7;3;2020;10:20;1;64;64024;2;3;8;3;Boulevard du Bayonne Anglet Biarritz;43,4938100; -1,5230700
202000000009;6;3;2020;08:15;1;62;62757;2;2;1;6;CALAIS (RUE DE ....19A 71 ET 28 A 110);50,7570746;2,2325420
202000000010;4;3;2020;04:05;3;62;62540;1;1;1;1;CD941;50,4582925;2,5756715
202000000011;5;3;2020;11:50;1;59;59143;2;3;1;-1;BEAUCHAMP  (RUE LEON );50,6785000;2,8742000
202000000012;7;3;2020;05:00;4;56;56260;2;1;1;6;LECLERC(RUE DU MARECHAL);47,6581100; -2,7513900
202000000013;7;3;2020;06:15;5;54;54578;1;1;1;6;MULLER (AVENUE PAUL);48,6700750;6,1583190
202000000014;7;3;2020;13:20;1;51;51454;2;7;1;2;Avenue de l’Europe;49,2556464;4,0611947
202000000015;3;3;2020;20:20;5;48;48095;2;1;9;6;GEORGES CLEMENCEAU (AVENUE);44,5225800;3,5027900
202000000016;7;3;2020;17:00;1;35;35238;2;1;1;4;VERN (DE);48,0980371; -1,6554889
202000000017;7;3;2020;13:45;1;35;35238;2;1;1;6;GRIMAULT (2 BD LEON);48,0914000; -1,6562500
202000000018;7;3;2020;01:40;5;35;35238;2;2;1;3;CHATEAUGIRON (DE);48,0952700; -1,6377600
202000000019;26;2;2020;13:45;1;31;31483;1;1;2;7;Route de la Serre de Cazaux;43,1195210;0,7267790
202000000020;7;3;2020;14:55;1;26;26281;2;2;1;3;40 Avenue du 8 Mai;45,0468000;5,0813300
202000000021;7;3;2020;15:15;1;22;22113;2;9;8;6;FORLAC'H (RUE DU);48,7325070; -3,4539630
202000000022;7;3;2020;18:20;1;17;17300;2;1;1;6;LUXEMBOURG   AVENUE DE;46,1692600; -1,1786400
202000000023;7;3;2020;21:10;5;13;13216;2;1;1;7;RUISSEAU MI (RUE);43,3481000;5,3447000
202000000024;7;3;2020;03:00;5;13;13201;2;1;1;2;BRETEUIL (RUE)    2 A 18;43,2926210;5,3748760
202000000025;7;3;2020;14:45;1;06;06069;2;1;1;2;Route de Cannes;43,6243000;6,9655000
202000000026;7;3;2020;13:15;1;06;06027;2;1;1;1;VAL FLEURI CHEMIN DU;43,6650200;7,1709100
202000000027;6;3;2020;19:00;3;06;06123;2;1;1;1;CURIE PIERRE ET MARIE AVENUE;43,6896700;7,1857100
202000000028;7;3;2020;13:45;1;75;75113;2;3;1;6;RUE DE LA SANTE;48,8288150;2,3415200
202000000029;2;3;2020;15:15;1;75;75117;2;4;1;7;RUE VILLARET DE JOYEUSE;48,8769570;2,2899270
202000000030;5;3;2020;20:00;5;75;75116;2;3;2;3;RUE SCHEFFER;48,8602800;2,2846160
202000000031;4;3;2020;20:00;3;75;75117;2;3;2;3;BOULEVARD DE REIMS;48,8891650;2,2975300
202000000032;6;3;2020;20:40;5;75;75114;2;1;1;3;BOULEVARD ARAGO;48,8344810;2,3342120
202000000033;7;3;2020;10:10;1;75;75110;2;1;1;6;BOULEVARD DE MAGENTA;48,8827260;2,3502880
202000000034;7;3;2020;15:40;1;75;75107;2;5;1;7;QUAI BRANLY;48,8622650;2,3015450
202000000035;6;3;2020;21:00;5;75;75104;2;7;1;3;QUAI DE GESVRES;48,8571810;2,3473270
202000000036;7;3;2020;15:00;1;94;94044;2;1;1;3;PRESIDENT WILSON (AV DU);48,7514083;2,4909836
202000000037;7;3;2020;13:45;1;94;94033;2;2;1;2;MARECHAL DE LATTRE DE TASSIGNY (AV DU);48,8596000;2,4900000
202000000038;7;3;2020;20:00;5;94;94019;2;3;1;1;LIBERATION (RTE DE LA);48,8015510;2,5406760
202000000039;6;3;2020;23:00;5;94;94017;2;1;8;3;MUSSELBURGH (R DE);48,8102450;2,5181890
202000000040;7;3;2020;11:20;1;93;93072;2;1;1;1;PAUL VAILLANT COUTURIER (AVENUE) COTE 1A;48,9551100;2,3826900
202000000041;7;3;2020;19:45;5;93;93050;2;3;1;6;AV GENERAL DE GAULLE / R GAMBETTA;48,8574900;2,5325100
202000000042;7;3;2020;15:00;1;93;93046;2;1;1;3;AV DU MARECHAL LECLERC;48,9207400;2,5406000
202000000043;7;3;2020;06:15;2;93;93045;2;9;1;2;R DE PARIS;48,8784300;2,4115900
202000000044;7;3;2020;12:45;1;93;93027;2;1;1;6;SALENGRO (AVENUE ROGER);48,9356023;2,3873517
202000000045;7;3;2020;16:45;1;93;93014;2;1;1;5;GAGARINE (BOULEVARD);48,9056990;2,5403170
202000000046;7;3;2020;15:00;1;93;93005;2;1;1;3;CARR LOUIS ARMAND;48,9559990;2,4805460
202000000047;7;3;2020;02:40;5;92;92025;2;9;1;7;BOURNARD (RUE DU);48,9229320;2,2553440
202000000048;7;3;2020;23:56;5;54;54322;2;1;1;1;rue de metz;49,4404070;5,6117390
202000000049;7;3;2020;14:15;1;91;91666;2;1;1;1;Route d'Orsay;48,6854520;2,2197910
202000000050;8;3;2020;05:00;3;66;66141;1;1;1;2;D900;42,7516680;2,8952940
202000000051;6;3;2020;06:45;5;56;56117;2;1;2;6;Rue Ernest Renan;47,8899890; -2,8306960
202000000052;8;3;2020;13:50;1;65;65127;1;1;1;3;RD817;43,1129670;0,3214140
202000000053;7;3;2020;17:07;1;49;49218;1;1;1;6;Les Fretis (le Fuilet);47,2965077; -1,1239525
202000000054;7;3;2020;05:15;3;49;49069;2;1;1;6;Rue des Mauges (Liré);47,3402130; -1,1675200
202000000055;7;3;2020;14:50;1;68;68042;2;6;1;6;Rue du 19 Novembre;47,6077150;7,5031630
202000000056;7;3;2020;12:50;1;44;44015;1;1;2;6;La Foue;47,4897890; -1,6841270
202000000057;8;3;2020;06:30;2;31;31476;2;1;1;6;Chemin de l'Auberge;43,2728150;1,1344540
202000000058;8;3;2020;03:10;5;38;38174;1;1;1;6;Route de la Côte Saint André;45,3902810;5,3502350
202000000059;7;3;2020;11:05;1;38;38012;2;1;1;1;Route de Saint Genix;45,5979430;5,6308460
202000000060;8;3;2020;15:30;1;84;84020;1;1;1;6;D943;43,8253860;5,3558240
202000000061;8;3;2020;03:30;3;03;03306;1;1;1;6;Rue de Cusset;46,1219515;3,4653947
202000000062;6;3;2020;08:55;1;72;72029;2;1;2;3;Avenue de la Division Leclerc;48,2260770;0,1282900
202000000063;8;3;2020;11:00;1;06;06079;2;1;1;4;Avenue du général de gaulle;43,5324820;6,9492720
202000000064;6;3;2020;18:15;1;60;60581;1;1;1;2;D916;49,4950021;2,4429560
202000000065;8;3;2020;18:30;1;60;60058;1;1;1;6;Rd 90;49,6185414;2,3435797
202000000066;8;3;2020;03:30;5;60;60577;2;1;1;6;61 Douce Rue;49,4492870;1,7687900
202000000067;7;3;2020;12:30;1;64;64108;2;6;1;3;RD 430;43,5197970; -0,9154590
202000000068;8;3;2020;11:00;1;16;16125;1;1;1;6;Ld Les Grandes Granges;45,4828155;0,3402236
202000000069;7;3;2020;21:55;5;07;07055;2;2;1;1;Avenue de provence intersection Chemin du Bac;44,8629760;4,8350730
202000000070;4;3;2020;01:00;3;40;40217;1;9;8;6;Poms;44,3381610; -1,0042190
202000000071;7;3;2020;03:30;5;28;28386;2;1;8;6;22 Grande Rue;48,5708930;1,2501300
202000000072;7;3;2020;04:15;3;17;17465;1;1;2;6;Route de Moulinveau;45,9579190; -0,5421390
202000000073;7;3;2020;18:00;1;17;17385;1;1;1;5;Route Departementale No 274;45,9326020; -1,3147870
202000000074;7;3;2020;15:00;1;17;17396;2;3;1;3;D115;46,2250300; -0,8790780
202000000075;7;3;2020;15:50;1;37;37159;2;1;1;3;2 Rue Bernard Tortevoie;47,2777185;0,6221262
202000000076;6;3;2020;09:50;1;30;30075;2;1;1;-1;Chemin des Rôles;43,8208860;4,2607860
202000000077;8;3;2020;15:15;1;48;48063;1;3;1;6;D4;44,7096430;3,3819650
202000000078;25;2;2020;19:00;2;40;40210;1;1;6;6;A63;44,0930410; -0,9976960
202000000079;6;3;2020;17:20;1;33;33284;1;1;2;7;A660;44,6312700; -0,9210300
202000000080;8;3;2020;06:45;2;62;62384;1;1;1;2;A2;50,1322553;3,1079444
202000000081;8;3;2020;11:10;1;988;98822;2;1;1;1;RT3; -20,9345770;165,3292610
202000000082;5;3;2020;17:10;1;971;97112;1;3;1;7;D203;15,8705970; -61,2842110
202000000083;8;3;2020;04:50;3;30;30027;1;1;1;6;Route de Lézan;44,0643770;4,0683910
202000000084;7;3;2020;16:15;1;88;88321;2;1;1;3;Avenue de la Division Leclerc;48,3642900;5,6924410
202000000085;8;3;2020;03:30;3;88;88132;2;1;1;1;63 Rue d'Alsace;48,2011590;6,5283410
202000000086;8;3;2020;13:30;1;55;55427;2;1;6;6;Avenue du Xveme Corps;48,8234540;4,9845180
202000000087;8;3;2020;11:00;1;01;01043;2;1;1;6;Route de Genève;45,8335350;4,9937050
202000000088;8;3;2020;06:10;2;69;69197;2;1;1;6;Route du Treve;46,0628600;4,6513170
202000000089;8;3;2020;01:05;5;69;69272;2;1;1;1;Route de Limon;45,6017000;4,8349000
202000000090;8;3;2020;07:45;2;49;49264;1;1;2;6;;47,0923610; -1,0038650
202000000091;6;3;2020;14:40;1;13;13071;1;1;1;7;A7-Sens Marseille vers Lyon;43,4079000;5,2889000
202000000092;6;3;2020;08:40;1;13;13088;1;1;1;2;A55-Sens Martigues vers Marseille;43,3915000;5,2622000
202000000093;6;3;2020;08:40;1;13;13001;1;1;1;2;A51-Sens Aix en Provence vers Marseille;43,5114330;5,4206300
202000000094;7;3;2020;12:15;1;91;91661;1;1;1;7;RD 188 CHEVREUSE;48,6961800;2,2240200
202000000095;7;3;2020;12:00;1;92;92019;1;1;1;3;AUTOROUTE A86;48,7606564;2,2869178
202000000096;7;3;2020;06:00;3;78;78238;1;1;1;5;A13;48,9706670;1,8788330
202000000097;6;3;2020;22:30;3;93;93027;1;1;1;6;BDL;48,9271400;2,4029800
202000000098;6;3;2020;18:10;2;92;92036;1;1;1;3;AUTOROUTE A15;48,9430300;2,2889193
202000000099;6;3;2020;17:10;1;92;92036;1;1;1;2;AUTOROUTE A86;48,9387500;2,3094600
202000000100;1;1;2020;03:50;5;972;97209;2;3;1;3;PROFESSEUR RAYMOND GARCIN (RUE DU);14,6201015; -61,0781050
202000000101;4;1;2020;14:15;1;92;92024;2;2;1;3;GENERAL LECLERC (BD DU) (9 A 59)   (4 A;48,9017000;2,3148000
202000000102;6;3;2020;00:00;5;988;98818;2;6;1;6;ROND POINT IMPERIAL; -22,2501200;166,4515500
202000000103;6;3;2020;23:10;5;988;98818;2;2;1;3;PROMENADE ROGER LAROQUE/ANSE-VATA; -22,3029200;166,4450800
202000000104;7;3;2020;01:35;3;976;97611;1;1;1;1;passamanty-Vahibé ( route ); -12,7927300;45,1885100
202000000105;6;3;2020;19:40;4;974;97411;2;3;2;6;CARAMBOLES (DES); -20,8931300;55,4760100
202000000106;5;3;2020;09:00;1;974;97411;2;1;1;1;MACE (ROUTE GABRIEL); -20,9155364;55,4944217
202000000107;5;3;2020;10:45;1;974;97409;2;1;1;3;DE LA GARE(RUE); -20,9606900;55,6543000
202000000108;7;3;2020;00:35;5;69;69388;2;1;1;6;GENERAL FRERE (DU)                  (AV);45,7306000;4,8779000
202000000109;6;3;2020;18:05;2;972;97209;2;3;1;1;PATRICE LUMUMBA (RUE);14,6136800; -61,0701800
202000000110;26;2;2020;01:55;5;69;69381;2;2;1;3;JEAN MOULIN                         (QU);45,7662000;4,8380000
202000000111;6;3;2020;06:10;5;69;69149;2;1;1;3;GRANDE RUE                          (GR);45,7198700;4,8106100
202000000112;5;3;2020;12:15;1;69;69389;2;9;2;5;MARIETTON                           (R );45,7756500;4,8026000
202000000113;12;2;2020;18:35;5;69;69081;2;1;1;7;BON PASTEUR (DU)                  AV;45,7874200;4,7788500
202000000114;5;3;2020;16:50;1;971;97101;1;3;1;3;DUGAZON DE BOURGOGNE (ZONE);16,2591910; -61,5102600
202000000115;6;3;2020;21:55;5;91;91570;2;7;1;3;SAINT SAENS (RUE);48,6311960;2,3288340
202000000116;6;3;2020;11:35;1;91;91549;2;1;1;7;JEAN MERMOZ (RUE);48,6393490;2,3362480
202000000117;5;3;2020;10:45;1;91;91692;2;1;2;6;DORDOGNE (AVENUE DE);48,6767180;2,1649400
202000000118;5;3;2020;18:45;2;91;91377;2;2;2;3;AULNAY DRACOURT (IMPASSE DE L');48,7205000;2,2779900
202000000119;6;3;2020;17:20;1;91;91687;2;2;1;3;SABLONS (AVENUE DES);48,6665500;2,3642200
202000000120;6;3;2020;08:45;1;91;91174;2;9;8;3;JEAN JAURES (BOULEVARD);48,6134950;2,4593190
202000000121;6;3;2020;05:55;5;91;91174;2;6;1;3;JEAN JAURES (BOULEVARD);48,6117400;2,4611900
202000000122;5;3;2020;20:15;5;89;89387;2;2;3;3;GARIBALDI (BOULEVARD DES);48,1999800;3,2823200
202000000123;5;3;2020;16:35;1;87;87065;1;3;2;3;PONTEIX (AVENUE DU);45,8081600;1,2991000
202000000124;5;3;2020;17:48;1;84;84007;2;1;1;3;PIERRE SEMARD (avenue);43,9414000;4,8178400
202000000125;4;3;2020;14:15;1;84;84007;1;1;1;1;RD225  (route touristique);43,9580700;4,8276400
202000000126;3;3;2020;18:10;2;84;84007;2;1;1;3;RUE HOSEPH DE MONTGOLFIER;43,9301800;4,8285400
202000000127;23;2;2020;17:45;1;30;30351;2;1;1;6;GENERAL LECLERC AVENUE DU;43,9544400;4,7882700
202000000128;6;3;2020;13:15;1;83;83137;2;2;1;1;MOULINS (AVE DES DE 328 A FIN;43,1401600;5,9130900
202000000129;6;3;2020;07:45;1;83;83069;2;1;1;6;GRES ROSES (ALLEE DES);43,1241000;6,1508000
202000000130;5;3;2020;15:23;1;78;78646;2;2;1;6;PORTE DE BUC (RUE DE LA);48,7955300;2,1388400
202000000131;5;3;2020;13:00;1;77;77118;1;9;2;3;D34E;48,9433300;2,6666300
202000000132;6;3;2020;19:50;5;77;77284;2;1;1;6;GALLIENI (AVENUE) - D603;48,9592500;2,8732400
202000000133;6;3;2020;19:00;5;74;74218;2;4;1;2;PAYS DE GAVOT (ROUTE DU)  RD11;46,3846240;6,5549495
202000000134;5;3;2020;13:00;1;69;69290;2;2;2;3;DES PARCS(allée);45,7090400;4,9386600
202000000135;6;3;2020;12:53;1;69;69264;2;3;1;3;ANSE D'  (rue);45,9850000;4,7180300
202000000136;5;3;2020;10:00;1;67;67482;2;1;3;2;CANONNIERS (RUE DES);48,5540774;7,7626633
202000000137;5;3;2020;17:15;1;66;66136;2;1;1;6;Napoleon Joseph Sarda-Garriga ( rue de );42,6910000;2,8810500
202000000138;5;3;2020;13:30;3;66;66136;1;1;2;7;D900;42,6955600;2,8960700
202000000139;6;3;2020;08:10;1;64;64260;2;9;3;3;Rue de l’Autoport;43,3460100; -1,7740600
202000000140;4;3;2020;19:25;5;64;64335;2;1;2;4;EUROPE DE L';43,3351350; -0,4569207
202000000141;5;3;2020;17:00;1;63;63113;2;4;2;2;ESTAING (RUE D');45,7841300;3,1091900
202000000142;2;3;2020;17:40;1;60;60175;2;1;2;6;VERLAINE (RUE PAUL);49,2491200;2,4715700
202000000143;6;3;2020;04:00;2;58;58194;2;1;2;-1;BARATTE (FAUBOURG);46,9868900;3,1959800
202000000144;5;3;2020;19:00;2;56;56260;2;3;2;3;MARNE (AVENUE DE LA);47,6592300; -2,7748300
202000000145;5;3;2020;17:00;1;56;56121;2;1;1;2;Pénétrante de Lorient RD 465;47,7637200; -3,3803600
202000000146;6;3;2020;15:55;1;54;54265;2;1;2;6;SAINT-EXUPERY (RUE ANTOINE DE);48,6368430;6,1834620
202000000147;6;3;2020;07:50;1;54;54547;2;1;1;6;HUITIEME REGIMENT D'ARTILLERIE;48,6693780;6,1845661
202000000148;5;3;2020;12:35;1;54;54547;2;1;2;6;EUROPE (BOULEVARD DE L');48,6627327;6,1727052
202000000149;6;3;2020;08:00;1;51;51454;2;1;2;2;Avenue de Champagne;49,2342409;4,0403540
202000000150;22;9;2020;10:40;1;74;74081;1;3;1;3;Route de Chamonix;46,0505690;6,5920970
202000000151;22;9;2020;14:00;1;976;97607;1;1;1;5;rn2 hajangua; -12,8505010;45,1751580
202000000152;21;9;2020;19:00;5;971;97128;2;1;1;6;Douville;16,2527980; -61,3722650
202000000153;21;9;2020;19:55;3;971;97134;1;1;1;6;Le bouchu;16,0704136; -61,7633557
202000000154;21;9;2020;11:10;1;91;91494;1;9;1;7;D19b8;48,6117250;2,3389450
202000000155;21;9;2020;17:00;1;2A;2A163;1;1;1;1;RT40;41,4963320;8,9626980
202000000156;22;9;2020;09:45;1;34;34145;1;1;2;6;Avenue du Vidourle;43,6897030;4,1592800
202000000157;13;9;2020;17:00;1;83;83047;2;1;1;5;Avenue Jean Monnet;43,1190370;6,0673610
202000000158;20;9;2020;19:15;1;83;83055;1;1;2;5;Route de Seillans;43,6244290;6,6931040
202000000159;19;9;2020;11:30;1;06;06157;1;1;1;1;Route des Termes;43,7591530;7,0763940
202000000160;17;9;2020;12:00;1;71;71556;1;1;1;3;Route des Combes;46,2787191;4,8025788
202000000161;21;9;2020;07:30;1;67;67080;1;3;1;2;RD 30;48,5559433;7,5273016
202000000162;8;9;2020;19:45;1;57;57443;1;1;1;7;55 Rue du Haut de la Marche;49,2163770;6,1144030
202000000163;22;9;2020;09:20;1;74;74037;2;4;1;6;Rue de la Ménoge;46,2085900;6,4049540
202000000164;21;9;2020;14:20;1;73;73248;2;6;1;3;D77 RP de l'aluminium;45,2756154;6,3554903
202000000165;20;9;2020;17:00;1;38;38488;1;1;3;6;Route de Crémieu;45,7335980;5,2970890
202000000166;21;9;2020;14:45;1;35;35037;1;1;1;6;N24;48,0593230; -1,8831490
202000000167;19;9;2020;19:00;1;62;62460;1;2;1;3;CD940;50,5835430;1,7400080
202000000168;21;9;2020;13:25;1;57;57226;1;1;1;6;Autoroute A30;49,3745000;5,9813000