Num_Acc;jour;mois;an;hrmn;lum;dep;com;agg;int;atm;col;adr;lat;long
202000000338;22;6;2020;10:50;1;93;93066;2;2;1;3;R DE LA METALLURGIE / R DE L'ENCYCLOPEDIE;48,9092500;2,3623900
202000000339;24;6;2020;23:00;5;93;93064;1;1;1;7;DE GAULLE (AV DU GENERAL) 58/49 - FIN;48,8774332;2,4809050
202000000340;24;6;2020;12:20;1;93;93048;2;2;1;6;R DES GRANDS PECHERS / R LENAIN DE TILLEMONT;48,8584600;2,4624600
202000000341;23;6;2020;17:25;1;93;93006;2;3;7;2;R DES CHAMPEAUX / AV DE LA REPUBLIQUE;48,8634300;2,4144640
202000000342;24;6;2020;15:30;1;93;93057;2;2;1;3;AV DU PRESIDENT WILSON / ALL ROBERT ESTIENNE;48,9064600;2,5119100
202000000343;24;6;2020;01:10;5;93;93005;2;2;1;5;"""PAUL VAILLANT COUTURIER (AVENUE """"DU 01";48,9295005;2,4805931
202000000344;24;6;2020;19:25;1;93;93005;2;1;1;6;R JACQUES DUCLOS;48,9463828;2,4933612
202000000345;24;6;2020;08:40;1;93;93001;2;1;1;2;R ANDRE KARMAN ;48,9091508;2,3848101
202000000346;24;6;2020;03:25;5;92;92078;2;9;1;6;VERDUN (AVENUE) (PAIRS 92 ET PLUS);48,9352060;2,3280250
202000000347;24;6;2020;18:25;1;92;92051;2;1;1;-1;CHARLES DE GAULLE (AVENUE, N°27 A 129);48,8855490;2,2557460
202000000348;24;6;2020;16:20;1;92;92051;2;1;1;3;PARMENTIER (RUE);48,8823136;2,2804825
202000000349;25;6;2020;07:45;1;81;81222;2;3;1;2;2351 Route de Castres;43,7798010;2,1874270
202000000350;24;6;2020;15:39;1;68;68143;1;4;1;3;D4;48,1104330;7,4020170
202000000351;25;6;2020;08:45;1;12;12265;1;2;1;1;Verrières;44,5425720;2,6852130
202000000352;24;6;2020;19:30;1;01;01354;2;3;1;6;Rue de la Faucille;46,2618740;6,0298690
202000000353;25;6;2020;05:45;2;974;97410;2;1;1;6;RN2; -21,0816210;55,6916360
202000000354;25;6;2020;17:30;1;38;38133;1;1;7;1;Route de Croix Bayard;45,3621200;5,6217900
202000000355;24;6;2020;10:20;1;26;26041;2;2;1;1;310 Route de la Sizeranne;45,2153310;4,8346760
202000000356;22;6;2020;01:43;4;87;87021;2;1;1;6;Rue du Boucheron;45,7679870;1,2097350
202000000357;24;6;2020;19:45;1;56;56057;1;1;1;7;Le Drezers;48,0647670; -3,4807450
202000000358;25;6;2020;13:50;1;74;74223;1;3;1;3;92 Route de la Sage;46,0922960;6,6495070
202000000359;24;6;2020;18:30;1;74;74267;2;2;1;3;Route d'Albertville;45,8668850;6,1400080
202000000360;24;6;2020;14:32;1;65;65242;1;1;7;1;D5;43,3489940;0,1549990
202000000361;24;6;2020;19:30;1;61;61486;1;1;1;1;Lieu Dit la Guitonniere;48,7156500; -0,7193740
202000000362;24;6;2020;15:05;1;12;12240;1;1;7;7;Le Garric;44,6294030;2,3115880
202000000363;24;6;2020;18:00;1;46;46065;1;1;1;7;Lieu Dit le Duc;45,0300210;1,6207410
202000000364;24;6;2020;23:00;3;31;31455;1;1;1;6;Avenue de Montesquieu;43,2371418;1,2051899
202000000365;24;6;2020;20:15;1;31;31118;1;6;1;3;Route de Bouloc;43,7933670;1,3724660
202000000366;24;6;2020;18:30;1;38;38182;2;1;1;2;Route de Chartreuse;45,3980880;5,4279540
202000000367;24;6;2020;13:45;1;02;02095;2;9;7;1;Rue de Saint-quentin;49,9823990;3,4528930
202000000368;24;6;2020;16:10;1;03;03180;1;1;1;7;;46,5177851;3,4722953
202000000369;24;6;2020;21:15;1;14;14370;1;1;1;6;Route de Tournières;49,2377900; -0,8877680
202000000370;25;6;2020;20:25;1;05;05054;2;1;1;-1;Route des Allards;44,6754130;6,0703430
202000000371;23;6;2020;08:37;1;18;18238;2;1;1;6;Place de l'Eglise;46,5471270;2,5342070
202000000372;25;6;2020;09:50;1;10;10375;1;1;7;6;D619;48,2846920;4,1693760
202000000373;24;6;2020;19:00;1;53;53185;2;1;1;6;1 Rue Baptiste Hyvard;48,4563080; -0,2082880
202000000374;25;6;2020;15:57;1;38;38454;1;1;1;6;A49;45,1537300;5,3576900
202000000375;25;6;2020;07:00;1;988;98805;1;1;1;5;SAVE EXPRESS; -22,1727060;166,4159890
202000000376;24;6;2020;18:10;1;67;67506;2;9;1;3;Route de Strasbourg;48,6673550;7,7196480
202000000377;24;6;2020;19:00;1;82;82123;1;9;1;6;A62;43,9270150;1,3110210
202000000378;25;6;2020;00:00;3;34;34336;1;1;1;2;A9;43,3240850;3,2707070
202000000379;22;6;2020;20:05;1;77;77490;2;3;1;1;Rue de la Forge Chaton;49,0335810;3,1041850
202000000380;24;6;2020;21:32;2;78;78548;1;1;1;2;D91;48,7112680;1,9908860
202000000381;25;6;2020;10:20;1;66;66144;1;6;1;2;Route de Villeneuve de la Raho;42,6424160;2,8791100
202000000382;25;6;2020;02:00;3;34;34024;1;1;1;7;Issanka;43,4748350;3,6931750
202000000383;24;6;2020;20:15;2;84;84003;1;1;1;7;Route de Buoux;43,8633950;5,3855320
202000000384;24;6;2020;19:15;1;52;52380;1;2;7;3;Rue Champ David;47,8745040;5,3561030
202000000385;25;6;2020;17:00;1;03;03217;1;4;1;6;;46,3680666;2,7207650
202000000386;23;6;2020;19:30;2;74;74243;2;4;1;3;Place du Cret;46,1440500;6,0825690
202000000387;24;6;2020;07:55;1;85;85250;1;1;1;2;RD160;46,5852600; -1,6931100
202000000388;11;6;2020;10:52;1;44;44198;1;1;3;1;Rue des Granges;47,1301260; -1,5325500
202000000389;25;6;2020;16:25;1;22;22275;1;1;1;1;La Ville Guéno;48,1274430; -2,7000950
202000000390;25;6;2020;12:55;1;60;60589;2;6;1;3;rue de l'Égalité;49,2384282;2,4654327
202000000391;24;6;2020;21:50;2;80;80031;1;2;1;2;D54;49,7420280;2,6453640
202000000392;24;6;2020;22:55;3;13;13043;1;1;1;7;A55 SENS MARTIGUES-MARSEILLE;43,3826687;5,2207008
202000000393;21;6;2020;02:00;5;69;69382;1;1;1;2;M7   0.000 A 2.278;45,7367900;4,8205200
202000000394;22;6;2020;16:05;1;33;33162;1;1;1;6;ROCADE A 630;44,8744600; -0,6365100
202000000395;23;6;2020;07:00;1;59;59343;1;1;1;6;AUTOROUTE A1;50,5954427;3,1022917
202000000396;24;6;2020;18:45;1;91;91339;1;1;1;5;RN 104;48,6309400;2,2415400
202000000397;23;6;2020;19:40;2;94;94038;1;1;1;2;AUTOROUTE A6A;48,7767300;2,3462900
202000000398;24;6;2020;17:15;1;92;92047;1;1;1;2;A13;48,8351971;2,1757242
202000000399;24;6;2020;17:00;1;78;78571;1;1;1;2;A13;48,8645150;2,0393770
202000000400;23;6;2020;08:33;1;93;93078;1;1;1;2;AUTOROUTE A104;48,9676600;2,5108000
202000000401;23;6;2020;08:50;1;95;95582;1;1;1;3; A115;48,9824300;2,2411500
202000000402;22;6;2020;18:05;1;93;93064;1;1;1;4;AUTOROUTE A86;48,8799800;2,4758000
202000000403;24;6;2020;16:00;1;94;94046;1;1;1;-1;A86 INT;48,8108627;2,4489179
202000000404;22;6;2020;16:29;1;988;98818;2;2;1;5;"RUE R.P. F. LUNEAU/RTE DU VELODROME/RUE R.P; MONTROUZIER"; -22,2910300;166,4452200
202000000405;22;6;2020;17:40;2;988;98818;1;6;1;2;VE1 SENS SUD/NORD/RUE BERTHELOT; -22,2607600;166,4443800
202000000406;22;6;2020;11:00;1;974;97416;1;1;1;6;RN02; -21,3600000;55,5365000
202000000407;23;6;2020;20:25;1;69;69387;2;2;1;3;CHALLEMEL LACOUR                    (R );45,7293900;4,8458400
202000000408;23;6;2020;19:00;1;69;69259;2;1;1;2;MARTYRS DE LA RESISTANCE (DES)      (AV);45,6909422;4,8704927
202000000409;23;6;2020;18:20;1;69;69387;2;2;1;3;GARIBALDI                           (R );45,7464500;4,8499300
202000000410;23;6;2020;16:30;1;69;69388;2;1;1;3;VIENNE (DE)                         (RO);45,7275000;4,8539000
202000000411;23;6;2020;09:20;1;69;69259;2;4;1;3;LYONNAIS (DU)                           ;45,7032900;4,8955300
202000000412;23;6;2020;15:50;1;972;97213;1;1;1;2;AUTOROUTE A1;14,6182800; -61,0361300
202000000413;23;6;2020;19:45;1;69;69389;2;1;1;6;MARIETTON                           (R );45,7750600;4,8071500
202000000414;23;6;2020;17:46;1;69;69286;2;1;1;6;HIPPODROME (DE L')                  (AV);45,8130000;4,8809800
202000000415;23;6;2020;13:50;1;69;69382;2;3;1;3;JEAN MOULIN                         (QU);45,7650400;4,8380200
202000000416;23;6;2020;15:00;1;2B;2B120;2;1;1;2;11 - RT;42,6556214;9,4412556
202000000417;23;6;2020;13:37;1;2A;2A004;1;9;1;3;SARTENE ANCIENNE ROUTE;41,9292851;8,7717351
202000000418;23;6;2020;14:15;1;2A;2A004;2;1;1;7;NICOLI JEAN COURS;41,9336213;8,7440288
202000000419;26;5;2020;17:00;1;91;91691;2;6;1;3;CONCY(RUE);48,7081900;2,4825300
202000000420;23;6;2020;08:30;1;91;91687;2;9;1;6;LIEUTENANT COLONEL BIZEUIL (AVENUE DU);48,6716000;2,3643000
202000000421;17;6;2020;09:45;1;84;84087;2;2;1;6;DALADIER (BD EDOUARD);44,1387600;4,8062500
202000000422;17;6;2020;07:38;1;84;84087;2;1;1;-1;ROCH (RUE MADELEINE);44,1359400;4,8077200
202000000423;23;3;2020;15:00;1;83;83137;1;1;1;6;CLEMENCEAU (BD GEORGES);43,1219000;5,9406300
202000000424;22;6;2020;19:40;1;83;83118;2;1;1;7;BOULEVARD EUGÈNE BRIEUX;43,4272000;6,8746500
202000000425;23;6;2020;20:25;1;78;78586;2;9;1;6;ROBERT SCHUMAN (AVENUE);48,9460200;2,1880100
202000000426;23;6;2020;23:15;3;77;77186;1;1;1;7;D606 de l'obélisque à limite MORET;48,3853100;2,7659200
202000000427;22;6;2020;10:50;1;76;76681;1;1;1;3;INDUSTRIEL. BOULEVARD (CD 18E);49,4051500;1,1102700
202000000428;23;6;2020;16:30;1;74;74010;2;1;7;2;MARQUISATS (AVENUE DES);45,8957110;6,1329833
202000000429;23;6;2020;16:20;1;71;71511;1;1;1;3;RD672 Bretelle - RD 906;46,3530667;4,8472255
202000000430;23;6;2020;19:15;1;68;68315;1;9;1;2;D430;47,8878740;7,2552680
202000000431;23;6;2020;18:18;1;68;68224;2;3;1;2;HOFER (RUE JOSUE);47,7615579;7,3252817
202000000432;19;6;2020;12:43;1;68;68066;2;1;8;6;Rue de la 1ère Armée Française;48,0869660;7,3585720
202000000433;21;6;2020;03:50;3;66;66136;2;1;1;6;GAUGUIN (AVENUE PAUL);42,7183800;2,8901000
202000000434;21;6;2020;02:00;5;66;66136;2;6;1;3;FRANCE LIBRE (BOULEVARD DE LA);42,7054100;2,9017200
202000000435;23;6;2020;18:45;1;64;64130;2;1;1;7;HERRI ALDE (ROUTE D258);43,3336000; -1,7448500
202000000436;14;6;2020;14:20;1;64;64129;2;1;1;-1;58 route de Bayonne;43,3013800; -0,3949200
202000000437;21;6;2020;23:05;5;64;64122;2;1;1;7;HARCET RUE D');43,4624200; -1,5651900
202000000438;19;6;2020;14:05;1;64;64122;2;3;1;6;14 Avenue du President Kennedy;43,4735960; -1,5562070
202000000439;22;6;2020;15:15;1;63;63164;1;1;1;7;EUROPE (BOULEVARD DE L');45,8383617;3,1400257
202000000440;21;6;2020;05:50;3;63;63308;1;1;1;7;GRAVENOIRE (ROUTE DE);45,7552451;3,0538827
202000000441;22;6;2020;13:10;1;62;62826;2;6;1;3;GENERAL DE GAULLE (AVENUE DU);50,5080800;1,6110100
202000000442;6;1;2020;07:50;3;62;62510;2;1;1;6;MARQUAGE (CHE DU);50,4122800;2,7697100
202000000443;17;6;2020;14:15;1;62;62048;2;2;1;3;SOISSONS (DE);50,5077300;2,4808200
202000000444;19;6;2020;20:50;1;58;58194;2;1;1;3;TAILLES;47,0010000;3,1622000
202000000445;22;6;2020;13:30;1;57;57221;2;1;1;6;D 952 A;49,3180200;6,1058000
202000000446;22;6;2020;16:40;1;57;57630;2;3;1;3;JOFFRE (MARECHAL)L;48,7300000;7,0560000
202000000447;23;6;2020;13:20;1;56;56107;2;1;1;3;BD ANTOINE LAVOISIER;47,7229800; -3,3909200
202000000448;23;6;2020;13:15;1;51;51454;2;1;1;7;Rue Dumont d’Urville;49,2256821;4,0382688
202000000449;19;6;2020;15:10;1;50;50129;2;2;1;3;LUMIERE (AVENUE LOUIS);49,6330400; -1,5987500
202000000450;22;6;2020;11:30;1;49;49353;2;1;1;5;PARMENTIER;47,4527700; -0,5147600
202000000451;22;6;2020;20:14;1;47;47001;2;1;1;6;GIRAUDOUX (RUE JEAN);44,1900500;0,6338600
202000000452;19;10;2020;07:00;2;974;97411;2;1;7;6;PHILIPPE (RUE SAINT-); -20,8893100;55,4521900
202000000453;19;10;2020;15:50;1;973;97302;1;1;1;3;ROUTE NATIONALE 1;4,9009316; -52,3252845
202000000454;19;10;2020;10:00;1;973;97302;2;1;1;3;MANDELA  (BOULEVARD);4,9396453; -52,3265306
202000000455;18;10;2020;23:36;5;973;97302;2;9;1;6;LIBERTE (AVENUE DE LA);4,9357147; -52,3304129
202000000456;19;10;2020;14:00;1;69;69388;2;3;1;6;GENERAL FRERE (DU)                  (AV);45,7297100;4,8790300
202000000457;16;10;2020;12:15;1;69;69383;2;2;1;6;GARIBALDI                           (R );45,7591500;4,8523900
202000000458;19;10;2020;08:35;1;972;97213;2;9;1;6;24 MARS 1961 (RUE DU);14,6127300; -61,0006000
202000000459;17;10;2020;08:30;1;972;97209;2;1;1;6;ALLEGRE (BOULEVARD);14,6073000; -61,0729000
202000000460;18;10;2020;12:50;1;69;69081;2;9;1;5;M6 PORTE DU VALVERT                                 ;45,7721600;4,7899000
202000000461;16;10;2020;22:00;5;971;97113;2;9;2;3;BAS DU FORT;16,2184000; -61,5175000
202000000462;19;10;2020;11:50;1;2A;2A004;2;3;1;6;NAPOLEON COURS APRES BEVERINI;41,9286403;8,7387437
202000000463;14;10;2020;07:30;5;91;91027;2;1;2;3;AV JEAN PIERRE BENARD;48,7117540;2,3811030
202000000464;14;10;2020;18:18;1;87;87085;2;3;2;7;PERRIN (RUE FRANCOIS);45,8267300;1,2380600
202000000465;19;10;2020;07:44;5;87;87085;2;3;1;3;SABLARD (AVENUE DE);45,8282127;1,2823846
202000000466;16;10;2020;14:27;1;87;87085;2;3;1;2;MONTJOVIS (AVENUE);45,8380500;1,2482800
202000000467;10;10;2020;15:00;1;83;83137;2;3;1;3;NOGUES (AVE DU GENERAL);43,1277900;5,9208000
202000000468;14;10;2020;09:30;1;80;80261;2;1;1;3;AMIENS (ROUTE D');49,8530900;2,2726400
202000000469;19;10;2020;11:15;1;79;79191;2;6;1;3;Avenue de Nantes;46,3348900; -0,4728400
202000000470;19;10;2020;12:10;1;77;77146;2;1;1;3;GEORGES BIDAULT (BOULEVARD);48,8307200;2,6505000
202000000471;18;10;2020;23:20;5;76;76319;1;1;1;2;MARITIME. BOULEVARD;49,3620200;0,9960700
202000000472;17;10;2020;02:40;5;76;76351;2;1;1;1;FRISSARD (QUAI);49,4908100;0,1291900
202000000473;16;10;2020;11:10;1;71;71306;2;1;1;6;BLANQUI (RUE);46,6751136;4,3643868
202000000474;17;10;2020;13:25;1;71;71270;2;6;1;3;SAONE (CARREFOUR DE);46,3093916;4,8374930
202000000475;19;10;2020;13:40;1;69;69029;2;1;1;3;GENAS (DE)                          (RO);45,7508239;4,9085753
202000000476;15;10;2020;14:30;1;69;69029;2;3;2;6;CAMILLE ROUSSET                     (AV);45,7357000;4,9105400
202000000477;19;10;2020;16:20;1;69;69264;2;1;1;4;GAMBETTA  BD;45,9929300;4,7150600
202000000478;17;10;2020;19:15;5;67;67482;2;3;1;3;FAUBOURG DE PIERRE (PONT DU);48,5869500;7,7464100
202000000479;16;10;2020;12:27;1;65;65286;2;1;1;2;Av Général Baron Maransin;43,0983960; -0,0455580
202000000480;18;10;2020;16:20;1;64;64140;2;1;1;7;GLIZE (RUE RAYMOND ET MARCEL);43,5143300; -1,4826200
202000000481;16;10;2020;19:40;5;63;63113;1;6;8;-1;CHARTOIRE (BD LOUIS);45,7981400;3,1467600
202000000482;10;10;2020;10:10;1;62;62617;2;1;1;6;ROUTE NATIONALE (CD 937);50,4804500;2,6630000
202000000483;17;10;2020;20:55;5;62;62178;2;2;8;6;CARON ( AUGUSTIN );50,4750800;2,5381500
202000000484;17;10;2020;18:15;2;59;59509;1;3;1;3;BLUM (RUE LEON);50,4206800;3,0733800
202000000485;16;10;2020;12:30;1;59;59017;2;1;1;1;FUSILLES (RUE DES );50,6896200;2,8816000
202000000486;17;10;2020;13:10;1;56;56121;2;1;1;3;LIEGE (RUE  DE );47,7475300; -3,3596600
202000000487;16;10;2020;13:15;1;50;50129;2;4;1;4;PARIS (AVENUE DE);49,6263900; -1,6172500
202000000488;17;10;2020;22:15;4;49;49328;2;1;1;6;CESSART (PONT);47,2634000; -0,0741500
202000000489;17;10;2020;11:05;1;47;47001;2;2;1;6;CARNOT (BD DU PRESIDENT);44,2044300;0,6205900
202000000490;19;10;2020;18:00;1;44;44109;2;1;1;3;BOULEVARD BENONI GOULLIN;47,2015300; -1,5540000
202000000491;13;10;2020;11:40;1;44;44109;2;3;1;3;COULMIERS ( RUE DE );47,2240100; -1,5384000
202000000492;17;10;2020;20:43;1;42;42147;2;1;1;2;Rue Paul Deschanel;45,6018520;4,0787010
202000000493;19;10;2020;09:50;1;38;38421;2;1;1;3;Avenue Gabriel Péri;45,1876000;5,7531000
202000000494;10;10;2020;19:30;2;38;38053;2;1;1;6;Avenue des Alpes;45,5850800;5,2729300
202000000495;19;10;2020;04:55;3;37;37261;2;6;1;7;LOUIS XI (BOULEVARD);47,3756527;0,6651744
202000000496;17;10;2020;23:55;5;34;34301;2;3;1;3;REVOLUTION (RUE DE LA);43,4063330;3,6911470
202000000497;19;10;2020;19:50;5;34;34172;2;1;1;2;CONSULS MER (BOULEVARD DES);43,6039700;3,8948100
202000000498;19;10;2020;21:10;5;33;33063;2;9;1;6;ALL DE LOS ANGELES;44,8449000; -0,5749600
202000000499;19;10;2020;17:40;1;33;33529;1;1;1;7;PALUE (CH. DE LA);44,6321600; -1,1591900
202000000500;19;10;2020;08:45;1;32;32013;2;1;8;7;IRENEE DAVID;43,6433000;0,5888000